lenni-lobel,	lenni.lobel@sleektech.com
mark-white,		lenni.lobel@sleektech.com
john-doe01,		lenni.lobel@sleektech.com
john-doe02,		lenni.lobel@sleektech.com
john-doe03,		lenni.lobel@sleektech.com
john-doe04,		lenni.lobel@sleektech.com
john-doe05,		lenni.lobel@sleektech.com
john-doe06,		lenni.lobel@sleektech.com
john-doe07,		lenni.lobel@sleektech.com
john-doe08,		lenni.lobel@sleektech.com
john-doe09,		lenni.lobel@sleektech.com
john-doe10,		lenni.lobel@sleektech.com
john-doe11,		lenni.lobel@sleektech.com
john-doe12,		lenni.lobel@sleektech.com

